d61b5477-6ba8-4a41-8c21-0a913378d0a5,10775
e14dd938-cf43-4f90-b1a7-723f380872a5,10750
6cea050e-fe9f-4892-a576-5e95056461c0,10736
abe48797-926c-425d-8bd4-cea7e37e39a2,10775
3c2ffea6-c38f-41d7-a9bd-c9c562957004,10659
f7167cc4-b707-4740-b375-0234b6bd37f1,10688
b97b0788-e041-4b3b-814f-db1a1e6ad871,10696
cdbbd57f-0699-4b72-b787-a930b778b17c,10636
505cd5d4-951e-4fb4-8204-b0140a345e1d,10706
be50d06e-6a10-494a-b321-83a0755a966b,10770
4dd60e80-7f96-484d-8eaa-622036df48fb,10646
61feddf1-00cc-48bf-aba3-6752f687632d,10741
44697c50-0157-4ecb-a8d4-37730a1876ff,10736
022173d6-0d21-4575-a25e-d173ad646523,10665
ae4cdc82-58e9-4ce8-be7f-7bff2fbfab80,10641
a6557ef7-c51f-49cb-b14f-7bcf34444dd1,10680
b9190c7b-e871-4aad-901b-afe26970d9fd,10670
f7bffbca-1a5a-4a82-b7f5-375e758837c9,10676
dd49d573-7210-44a2-a161-b2f1ccc6470c,10690
6f56038e-0d79-499f-a32f-6acc5bc77cb7,10746
fd8b9999-5145-4b0f-ab4d-98aa74d53882,10626
f60b4291-cfa6-491b-b651-a011f5c2dde3,10834
e7ebfdc7-f758-4bf5-ad6c-f69510e2b71d,10716
63519987-718e-40cc-9925-29232f2c051b,10649
50b557d5-ec57-4cff-ae7c-1783e09b55e6,10689
8a61e07d-e8ed-4635-be3c-2f1a9a755cdb,10706
3e3c9d2a-6460-4f88-a184-24dd1b52496d,10645
37d8ef5c-0342-41b9-8397-0598c9e5a9a4,10658
560cf906-3d71-47ba-bcd8-aeea2afdcc58,10650
cc7810e0-4041-4d7c-a482-049d2725434a,10689
07d0b360-3c80-42c3-a373-40b254fabe6f,10656
e7ccb294-072b-49e4-acda-ce39c28d886c,10656
da9c98cf-c7bd-4db7-b152-9bda8f510a4e,10670
f40f80fe-7dca-48d8-860b-4e41912c6ee8,10695
13dd404a-29c4-4a81-ab7b-c7ec44e618b6,10716
47611e9b-a906-447b-aa8b-b35a64fb1c74,10705
87e9772b-9113-439e-9f71-e96138a16b03,10686
e3412d2e-28ce-4bc4-83a8-ae3de81dbc5a,10606
41fb7bd2-7d14-4064-9410-e55aac0d222a,10600
033d9f64-11ec-4bd0-ab46-4abd63ffaf12,10760
0c4f6de3-3235-451a-a17c-35c8d4a48f3b,10600
00b44563-c7a5-4774-a26c-141d21ef7b36,10619
85b7ebc1-1b9b-4759-9bc5-3a34b046a2a7,10620
30e60264-ba4d-46ea-a5ad-ee256d49a568,10670
d8d052ac-69de-4574-b9a4-c295e4a9cdab,10690
8fa31ba4-d393-4ae0-9c42-3e96ccbf9fe2,10589
353ce065-30fb-4b41-80fa-9e023dbdee2b,10670
19f39eac-584f-4384-b6db-648f90e5a6d9,10686
89d23305-b112-4d0a-a9b8-955c7e793b00,10690
d7f9814a-339e-455c-85ef-9808b6a06396,10650
561207ed-878f-4b89-bb37-ac893655a938,10657
a25ae641-90e6-4099-94f2-b8f7873e4305,10660
6242d49b-414b-46df-9056-d05b5df628d3,10730
4a5ebaaf-4f2e-4a1d-b264-faf850327353,10690
7160ccae-8ba8-4a99-b0e1-f21219815d7a,10719
80f563a2-47ad-4180-812f-41a87b06bfad,10759
1e51ebf1-a485-499f-b0a5-b4facdf404cc,10670
0275a757-a774-401f-81e2-46bb07e37b39,10670
53dafd12-79e8-426d-82d0-3a3ebfbb4087,10620
ce53dd37-63d7-4383-8d6f-2a6d20dd4c38,10639
0424abe8-81f6-4c34-aa23-77bb25526513,10629
58665a46-b74a-4a33-8cd6-b23a9b8fc8f9,10658
c375af6f-3cfe-4fda-b03d-a91f41732ea9,10620
e39a3fb6-d335-425e-9578-f7364e7f5af3,10640
e202f23d-a678-43f9-af46-38bda3cc92a8,10698
c11544dd-a181-412f-93a9-3c1fecb25ad7,10600
75a2800d-d5d1-4eaa-9d90-6377f4397739,10669
00a01b6a-b12c-4ada-8420-5400932a8bcd,10779
92c73c08-75a0-448a-bf0c-afb39d6febae,10657
884da017-8337-46a4-bfba-4227f0286aae,10636
7b048a1f-3c6b-47ad-a7d7-c8d75c2b086d,10629
6e6c30fc-6fd6-49d0-a8f5-979fe15c0b31,10665
57b44048-1810-4570-8b4b-a237402282c1,10650
4ba0dc6b-b066-4813-8d65-a0e9c16ad9b8,10690
9305c0ab-92f6-4d07-bb01-ec3747dbcde4,10696
e0406c31-555b-4e66-82ae-f7dfb21f072b,10649
9184485d-bcd0-4662-9ce0-9c8316fc6b6a,10630
d2a8c277-51e4-4ffb-9fc5-546afe3fc92d,10646
cf117adc-a053-48c1-8901-ecdfebaeff63,10686
a061fc79-41b5-4a7e-a1e9-fa523d2940ac,10676
f5e29ae7-c6c4-4ef0-91b9-dc6d46492b40,10746
24e8a03e-1d3b-46c4-8831-e9099540ace0,10729
994f4ec3-d1d2-47a6-ab92-30e707835851,10650
d66fe9a3-12b5-4ae9-92bf-55d353653e89,10660
563e71ca-c36c-4b4f-81a3-6058ce39a4d2,10655
0a0cf03a-3c40-4090-aa83-ad22a5816b67,10685
b702f273-1232-49f3-9834-334e62601025,10650
33a3089b-aa3e-4e2d-af80-09c549de8ff6,10700
2c31eb1f-af6c-4c6a-9be8-88f38d59545e,10650
c00e5f45-533b-4d56-9dbf-7df40421b3f3,10710
72574c59-c7fd-4828-b0d6-11bff9069d0b,10629
25f4a872-e949-4f9a-b414-35eb19d2025f,10629
104abc33-b6b4-4379-9203-c7f4395235a5,10641
a2cb9eb4-c82a-4c9c-96a5-30e5054e4307,10660
3a0d390b-2dc6-4c74-9c9a-2a10f6d3869e,10690
b6830871-fb13-4536-bd13-6252b0673cec,10670
a3b98ec0-4f1d-41fa-a925-f90aea36d0c9,10701
3537f41b-72b6-4576-8b18-2f2bf986f9ac,10680
acd8c19e-d237-438a-a1fc-2a3f52a871aa,10637
6e6cf8c7-577b-4f9a-9069-dd73be8a2362,10640
477518d5-c304-4b5e-b3d8-c45ddb1553ac,10786
57d50284-dc99-48d1-a002-47e27f5f08b2,10809
357b0d1c-5e11-417d-ac90-8802d23cb8f9,10728
9ac66649-6379-4703-be3b-9c246cecfdf2,10656
8bbbfb80-7424-43a1-a80a-ac06c1482226,10684
390b7bc0-968b-4b36-8a1f-58ce00163f8a,10666
c765195f-e2e7-432e-87c5-cad8466bb5f4,10660
6f8cb461-bb44-4b39-8c52-3bb88bda7a30,10705
e9c67d37-bb20-4690-be1a-66d4ff04f5e6,10790
dd0ca7be-6cd9-47ee-a30d-5b251e33cb0a,10636
6b8928fa-ca28-4f63-b265-16f7ad36de99,10700
81e7ff2d-fd79-4f14-b207-7628173dde86,10766
a028f470-5b1c-4f6d-88d3-64e6a5f8506c,10661
630df6cc-f816-41bf-8f19-2309ceb0f325,10650
2a922d75-9b12-4ad4-a7ea-d56f8de77124,10626
ec9a0e61-de95-4496-bce6-49c4694f8f60,10670
d75e315c-2cbc-4d29-a234-cda865f07869,10675
44df82ac-a77a-423a-9984-88601704fbc4,10675
d4dc980a-7b87-4c23-9a69-191a91beac66,10695
63c4f41b-cbb5-4bf7-968b-7441bcc174f6,10679
a1013849-7b34-43b7-8e32-e82eed25ac4f,10720
4f19af28-4e5c-4244-b8d9-e58208e09292,10728
b4f91397-6c7e-401e-aeab-cdf819137ae8,10649
791592a7-fdb4-4bb3-893c-f7a73121bfe7,10676
317e8134-4580-45d8-af0b-3cd067be10e4,10619
cbcd543f-3325-470e-acf9-0c4b41f1edcc,10650
629ed426-3f8b-4872-bdcb-d34940fc9c74,10708
8e6aa40a-fb12-452a-9efa-a504724c091b,10659
e6c6ec13-2ed9-424e-9f52-27132f9c8217,10659
3bf504d4-5b42-44eb-8c36-22e890f2440d,10740
b3358eae-10e5-4f50-949b-6c66cace96ec,10614
9640d919-74f2-4a8d-afbd-488cfe51da6c,10625
989841e3-b14a-43c8-8e52-7cbed6788e21,10638
3929c01b-ea06-4d55-99e1-1cadd55581fc,11189
daa55e04-6101-4d6d-8dc6-4fd3c3bcec29,10666
eb21a24f-d748-466f-b8bb-6db62e1e9b8c,10791
0e81bc16-8075-44b7-a46e-8ec5d686fb98,10646
d1130489-8e3e-4241-869a-f8ac4f8fd385,10749
ef9f7d00-ce9a-4df8-b7b3-2df3445e65e5,10589
5187213e-b62a-4530-a67f-9769af0d42e0,10726
4f2446ec-dc99-46db-90aa-456b0a99ba53,10686
bb63c2ee-58ec-49a8-812b-d7c1cdac65db,10670
6c28caad-440e-4262-828e-bc24d979b92d,10699
ba85fa46-d13c-4867-ad01-804fd2a67b9e,10639
9eb1571f-02be-462e-a493-252c77f50522,10775
f0bb6452-3901-43a4-891c-4ef4a552f54f,10870
8f0b2733-b370-47ad-bd48-fd029df4c978,10626
e2648059-124f-4785-aab8-c7e2867307b0,10725
800652b4-dc17-4c9f-bcec-afc960945c95,10649
7f12b879-5fbc-43ce-b668-557f565931f9,10657
1d7e392e-f7f3-46af-8935-48b1cceb5024,10706
b37320d1-18dd-4a37-bce4-9e63d588ac35,10819
5264e7aa-e9a8-4296-84ae-8a5ce4812e93,10656
0ddd4efc-9178-468f-90b5-a48eba170390,10629
8e78ff70-698b-47f8-b955-eaa7492369ea,10690
080cb953-1d68-407a-9691-868806243ef6,10651
6899066c-1cc7-423c-b640-d71ccc247be1,10646
c4701160-6916-4d84-9d0d-acb25f7e2955,10589
09934641-14d2-4b70-8b68-cf106415c764,10625
860a4a8d-353d-49ec-854a-1b49728e42bd,10630
3594e55f-ccba-48d9-b5d0-f0cdbdbfe670,10755
012275bb-f8f7-4d49-9afe-ed7222e1be79,10680
44865553-c490-485a-9051-9c8af4f5ca67,10666
63dc6c30-d2f5-419b-9a72-5da4d663696e,10765
4f0e673c-f270-46fb-839f-9eb7dc442014,10647
51a74861-c2f6-4727-87c5-0e7c540237f5,10610
b3d0b4a5-1bf8-46e0-9369-97093184ce69,10680
5bbb7494-c65d-45bf-98b7-ee69de950a01,10680
e8027339-ae92-4de1-b5b5-256c9b02b9d5,10620
d2a1dc0e-91cf-4c65-8684-26a97192143d,10660
185a579f-acc1-4507-8a1b-44593cc8db79,10680
76bcfcec-6c6c-48c3-b8d1-0d047f412432,10700
8b67df3c-88ab-4272-a061-88e4fc8a6bc9,10657
a2c40ce5-e02e-4f71-80a5-8c0e85249552,10629
401b159b-2545-490e-be8d-7e3089e94d01,10695
6e4abd1a-64ed-42cb-94a6-0a3a62d6e65a,10639
c2ffe508-e974-4415-83ea-63b9495daf50,10580
73c1aab1-a095-48fd-9148-e5b15a4bc5b1,10535
5e5f0c2f-8771-4d5c-84b6-1f79a4c1f5ca,10599
85476b20-e3a1-4a64-ac79-759e8bc52b3c,10666
2c832685-0297-405c-b5c1-b12fdf5a3b25,10630
2346d20b-0bd5-4b68-ab7e-5c958d1105cc,10657
36d6d8f5-f1dd-4c68-a348-d08560cb0a1e,10667
281f45e5-11ff-4697-a726-3e81e3cdd9cd,10625
f56473dc-c9cb-44d9-8642-38f6eedfd7de,10725
e0e6120b-0fd3-406c-b570-b70e95094980,10666
c6a6f2ae-adbe-47e3-8bd8-047cfc878e5e,10846
e9b02dc7-2448-455d-8c9f-6057af806dcb,10630
62cca484-8084-45f3-a4fe-2f40b8020a53,10620
fa89cf06-a748-47c6-adb1-0a899b0ba6e2,10699
df723e73-434c-425c-ab2d-1e9227636348,10751
b3a30a4d-0790-475e-bf16-2715dd497efb,10657
6c20d966-37b8-476c-8c6a-57cd54123cdc,10696
b1e9a5db-7a3d-4035-978e-749b3e7d3137,10675
1f253a81-333c-4fa1-89fe-18039d7c75e4,10635
dcbb547d-4b50-45d0-8ab1-da02c1768f05,10716
64877e63-38e5-4aea-a072-b4bbe24a2ae5,10637
857150db-6ed7-4ebf-89aa-0222914c73a7,10620
1b205540-1246-4b36-9347-b47a937857ae,10755
078ae057-c386-491e-a370-0e01179414fe,10629
9eb18171-e184-4b00-a3ae-a31719e0ab53,10729
d264530f-9f62-43be-bc56-4176085586b2,10637
bb512708-d9a0-4a3a-a392-c63f5e8022f6,10767
9ac189c1-0b8c-49be-b8de-5d788b3a873a,10720
a7e66508-1e7a-4a01-80cb-810f98496a39,10640
c44351c6-fb96-4f5b-b9d1-38e8bf19f166,10644
004c42d9-683d-475e-b022-d7b88e88c9cf,10650
e8434ca4-27bb-49eb-bd32-755a870735a3,10631
fc7862c8-34b5-461e-99b9-0ca83763426e,10660
66ca7787-626d-482a-b3ad-28afc37c2064,10706
296049e9-d250-4143-897a-6637f674e7b1,10599
4b06e5bf-9643-431b-be7b-e9682f75c698,10615
2332e1ac-ab37-4e5f-b16d-f34c8b07b306,10635
4a04b2f9-c3a8-4cbf-8af1-0a80680ad27b,10654
e35d16b9-a5f3-4361-a61a-704760631d0a,10710
f30ba7c3-3bc8-4555-9d4b-f49c24607aa5,10670
f03bd908-e8ef-498d-b963-dce4bd81425a,10590
fb1838d4-5741-4865-adc7-946aebc1ffb9,10720
ee3ed3df-89ee-4310-afa2-3b71179ffe22,10641
480c09fd-b816-4a9b-a8b0-b752f565efe4,10637
e9a72b08-0a8e-4cd0-9fe2-6e7404955cc5,10766
a20c3d80-ba14-4d50-8174-2ca423ca9629,10630
d136ee26-d24a-47b8-a666-c77fa8e5fed3,10609
583336c0-41b2-487f-b368-5fb9167ca4b8,10670
578c22bc-e5bc-4e85-852d-04c3d0ebeba8,10649
3d4d4b4f-da23-412b-acc2-cb84338383bf,10690
86ac5d4f-2522-47f7-b235-8dab13416408,10631
a972052d-dd73-4305-85b8-576a1f1cd10b,10659
a91c983c-c2d3-4d2d-8744-00a39a32d82f,10695
6c11dc11-2ab7-4582-af70-4d2202c265e2,10649
629a01e0-60f8-4e18-9d01-9bc8bbca9970,10669
f1c34c96-7fd4-423a-99c0-2aec2c5ad1dd,10715
d76197db-d15c-4d16-92a2-e1006cd9d7e7,10686
eef6a8cf-bde4-4232-b2a8-990752ed7464,10750
2ff775a5-3a63-4cd3-9eb5-84d3c870d60e,12761
f444bfa5-08db-4ae4-8bdc-18523e1278d4,10680
1b2fdefb-89c5-4c0a-9df5-8437ae19a274,10816
3cbee68d-decd-4328-a8ef-24582cd191a3,10629
98b8d9d4-1363-47c1-b432-2abd5b1e56a4,10606
24e5e526-be0c-4334-ab8c-d23fc818d206,10664
adc1bf7c-20cc-4706-b090-38fa22addcf6,10646
7c672e6b-1055-4b5f-a099-44cd15d9e7a1,10650
3ba248f4-5f4e-4d4c-9227-d858075c3d3f,10730
70207d47-f012-4908-9dbe-093d036f0776,10646
f667e635-0734-413a-9db6-0492f2497ce3,10645
276e7bbe-db12-4bb7-ad4a-07bab086aa7a,10665
eb893730-47d9-4094-aff4-3b76397b1e20,10640
78408725-ae37-4d3f-b659-b93ad2ffbf6b,10630
2aaf09b4-fefe-477b-a288-78cf912c2b98,10680
19bbab7d-6c3a-402a-8501-6f8f44b44077,10679
c761ee14-721d-44be-a792-7e1df603f385,10659
6b46e1f3-9ead-4577-8932-e9b6c92dba1a,10680
644a02d8-0da5-4eac-a207-961803b69efe,10667
35b015c0-c8d9-4cb6-98b0-5a09c34d7387,10620
8f628489-9ddc-4652-bb71-281b20219949,10625
f423668d-6fb4-4c10-a38c-42ccd27c446d,10701
a79ddcff-a28b-4c90-a5b9-f2a89eabc2ac,10810
8fa8d869-5e0b-4404-802b-bdf1f33e5b3b,10660
08f9c8e4-43f0-4d78-bce9-0d6523993359,10689
e4b1c358-fc35-42ed-9cfb-8e9b54f6c124,10696
551d487b-d612-4d0d-bbb6-de822aa1c5a1,10660
7f903fff-8eeb-4dae-b333-12b8e626f9c0,10649
ed449986-6f88-42d4-aea4-89b891b7d45b,10676
e1ce7ecf-26cf-4ea8-a2d4-64b3b5d441d8,10659
737b0241-2b7a-435a-82bd-45092ffeeadc,10739
eb0ffb0b-7ad0-4e05-8fca-2d6a0fba2be8,10647
870f9654-3c2b-4f0d-9816-b184de0d7443,10670
753fc7a6-b921-4939-b87a-15c4fb826067,10700
da214106-625e-409d-93cd-48b16f164519,10630
1e507ca1-b73d-4dbf-97a2-c65e173ed628,10797
687b6998-f44e-4f54-9adf-e16240abe797,10646
d7cf8a2c-32ca-4eb2-bc09-362dfc0f90c2,10607
d1eb82b9-ee58-4e89-9501-61b66283231a,10696
aaa6023f-5b03-45e9-a331-a859eeab2fd3,10610
1a680850-b023-42ad-b862-74b32cdc55e4,10609
012b4a81-a320-4320-ae1e-c162272ec51d,10635
8e5ef098-97ce-422d-bf02-bb5387bf83cc,10669
10c4e6ce-fa62-40ea-a4d8-fff1baa4effb,10669
66a06946-1742-439d-9e41-0a9d5ced98f8,10660
195b91ba-94b8-48b9-be26-297b6f3beb59,10610
0d92fdc8-229b-4204-87c1-f74a1de2eabb,10649
cd64ec0c-78d2-4171-ae62-af52fdc9f499,10658
5862fae5-60e2-4b3e-9568-cfa81bde6be1,10630
fcaac511-c13d-4c91-9fcf-0959a9d26b8b,10615
c111b95e-cbb2-4b7d-aa54-00b565875fd8,10677
14ad0ef1-f6e8-4c72-b3c4-3b5304d4b7fb,10610
4e4c57bf-0963-4f1f-a902-5b414b403a99,10680
23464e67-aa83-450d-8f54-a26d56e70acd,10735
e07f41f5-8596-486a-8941-c36af86d48b2,10634
e736b40f-6280-43df-9ba2-0ed70c3602c6,10636
4dc663b9-49f0-433c-8274-6f719c3295e2,10880
eda39103-0583-4648-a398-e097a02caac3,10649
88a824af-358d-4485-801f-98d3c1c91280,10631
ee9b1c67-2991-4bed-bc63-a223bdb8a991,10600
0c75d367-5834-4cdc-b1c5-0de56dab00d4,10680
4bca4e16-0cc1-4b3b-a66e-c16ff74983bf,10708
308061c5-29e9-47db-82af-10b975cd0742,10676
fc259c12-d032-4263-b43f-35d06c23fb55,10645
41b7951a-0946-4008-af88-a0ab764301fb,10657
3dcbf6fe-4154-435a-bec1-3feb36883584,10636
24f7a2e6-3124-46f8-80bd-1d1ee04e8e2a,10826
f875abc2-7215-4245-b6ad-e4737ff5de3f,10706
da2f1aa9-98ad-4af6-b2cd-83dc7a026e0d,10740
220915ff-f68a-44c9-a705-084cff4a16ec,10610
7d715421-6ad9-4ee4-b4d9-9a8b6ad129ab,10660
3860430b-4f92-4fa9-890c-6c05fae61a72,10851
2821f043-21fc-44c5-8a12-ac94b87097b6,10661
7fe2bd57-6b55-469a-8e8b-34f2814e2d8c,10680
6e2303b1-195b-4b21-8e9b-312cf750c87c,10700
28d90624-2bb8-4a50-93c5-125444c4c710,10699
98cd5d76-22cb-4f89-aa71-b633bed13255,10590
cead799d-9e7b-4b1d-bbaf-168c5c300398,10640
9fe2f10a-84b7-4abd-a42f-1a8b7a513978,10640
d4d7a4b5-83b8-4bf0-91b4-ecffde6b198c,10680
2291c811-bacc-44ed-a5e9-bd2ea2d31229,10634
6cbf1a03-5b4a-46e7-95a6-787de6b86e60,10635
ab8ed558-b62a-45db-b0a2-8413b22a21d2,10700
777ca37b-a015-4a12-9d03-0dbcaa5d0ba8,10650
bfa9c25b-9a37-458a-8055-6a7386ee6d93,10629
59497b75-3dd3-4091-a675-2a3b5986fe66,10729
af8c80dd-6703-48a5-aaf3-3b32bc47e046,10669
98f292ac-471f-45ef-b34b-b11f6995e22b,10706
045a4e3c-e24e-4e48-bd34-fa21b102942e,10680
0ab2c1b3-0342-498c-b895-7ed5aa297201,10659
bc8ffb85-8eb8-442c-81b5-d526e1df26cd,10706
f4037d3e-9d47-48b2-9716-5011233836a8,10658
9be0e709-2312-4fbe-b56e-42eb9cba28ba,10677
b4d5189b-cb2b-43ed-9f4e-3490cdb088ee,10645
fcca660c-3304-41dd-af62-ea5b51f1da46,10615
9b90a9fb-7936-43ec-8e43-0fcc24fd7473,10639
252a6aeb-5525-494d-9b5b-7692934d044b,10690
ece40f81-44c0-4a07-a282-a171be4b8722,10639
1d308cbb-4593-489a-b10f-c9594000d60b,10665
01ac0f0e-5518-4d81-884c-8f4e857839da,10689
8168b5e6-1c60-4fe9-9e8a-e1b584a401ac,10689
a88c21b0-fe8a-4a41-a1d2-5c2b5820906e,10789
7c97fc88-c066-4af0-95d3-51d0416f923d,10640
d5223611-8c58-4573-a28a-efc8aac3f85a,10670
c7337da1-47b1-4177-9496-dcd3365bc00a,10616
807ac0af-a6c6-49e0-bbb3-44c4fce9f246,10775
27a2472f-d24c-41ab-a503-00405b146bc0,10710
1aa568ae-4a59-4905-85f3-92f9a1974221,10685
f7e43d59-2eda-40ce-aff8-1a5f024e48f0,10620
69c1c46f-410d-4f34-8b8d-ce339103cab6,10631
a225f63c-efda-4a09-8e81-227dcfde9b51,10659
e4cb4c67-d9ca-4d71-96c7-8df8a36cce6f,10625
eb87e44d-4d51-4ed8-8784-d20fe6921021,10646
c355bb65-fd39-41e8-80bb-f5037d3f42e2,10696
ee8df217-dfcd-49d4-9139-feca1b27dec4,10726
750944d5-6c58-4816-81e0-c37f64b12606,10619
60956ecb-10f1-43cf-9ee8-9f25545468f6,10626
bf4ff08a-d920-4967-8513-a9eeae4a8de3,10685
2c2ecb2d-110e-471e-b744-30d0d13b21a8,10651
edb112a7-7943-475d-8ba0-90e52a47b672,10736
d353024a-393d-4cce-9ce5-a5493ed97a79,10679
657980aa-8911-4cb9-8ea6-5c477742d993,10685
30eea197-5d08-4980-a5f5-41557b0bfc53,10619
9dbed2c6-b316-44fa-a29b-556744cb51b2,10606
2cab400d-e272-4c28-a2cf-8a6e8a32db2e,10640
f25bbf6b-811f-4c3c-89f7-a3b470895973,10646
bd5c05f0-bd44-47c5-8114-5e61dd795d14,10655
63bc3e52-17f4-4ea3-9e20-76147538d2d9,10670
8ec5ce75-9e1a-43bf-be69-1f0f120171a4,10658
66422399-147f-4882-9830-c8ebc30c0450,10637
c5d2055b-af34-4f52-8c95-3796a0ea7ebe,10716
9feaa21d-f57a-440a-960b-5a0d2ee38cda,10599
01817bed-6c0a-4853-a694-6246dd159fa5,10697
69527db7-dac5-4b8e-9285-11e0e08a6944,10790
8d4168a4-c710-4841-af9d-3058cbf3bb6c,10610
d3bf3582-8bc6-4aac-8aab-6ea58a928939,10666
97670019-ead6-4dbb-9f83-58f982f054f5,10656
0f525cc9-1a74-4373-bf22-562344020307,10630
31bc2f11-79be-418e-aabc-385a7faec07e,10680
aa9ceb03-9818-4bdf-b7a9-ceb6d93580a8,10690
a5c40366-658e-4082-b56a-d2b679392fc8,10625
ca3eab42-1888-4529-87b2-6627a629db71,10636
adc3bd86-a8c4-42e9-9e68-d8226cade5b4,10618
3882ebb4-418c-499e-843d-b34bc31e44f4,14850
122a5d46-ad0d-4f8e-8489-a6c1d9d1a7c1,10576
6cbacddb-fd42-4cf6-8873-c9d2019da2a9,10669
9873c30b-280d-4fe8-846c-69ba228f4a12,10669
938f067b-61a8-4f30-8993-9cc6682bf583,10705
67215326-4ed5-4b4f-b988-5b5de340cff3,10640
86843da0-e7ea-47f7-9566-1d2577cd5c28,10766
b56f0346-d792-47c5-991a-d6c855c15c8a,10639
28bf9bdc-9f2d-4b37-a08e-855621ceb543,10595
26da4c78-5b44-4970-8fd8-11423360903b,10696
fcfdcff3-c044-47da-af1e-0c6a622a0c21,10649
32a8aac5-2ea4-4650-9591-7a8e2a54d16f,10676
f7c1fa94-02c8-48eb-b60c-a96cdcd24235,10690
31250026-37f6-40e9-9112-6d8a6de5c97d,10640
3c2fb868-b802-413b-98d1-f69da88a7247,10615
5417929e-a507-4dc9-96af-917daafb3fe9,10861
40448917-2782-4931-921d-1448eac40a14,10640
068ad81a-02db-4698-bf35-d30e3547e017,10629
a804af12-2405-4da5-8904-d36377cd46a1,10679
c0e84df6-51e1-490d-a189-3c10316d0d25,10610
c15661d3-5e5f-48e5-a1a5-d561934d55c3,10706
2095c2f0-537d-47d0-8f80-a3ea682859fa,10676
98a5ac23-e64e-4b15-b958-eaf11805a0eb,10577
7f9a65db-5f95-4800-b623-b1dcecee5873,10655
dfd5e8ac-aefd-46cf-bcac-3b4e3c9ea48d,10685
7ab157ea-e3bb-4846-8edb-aaff9b8d5c8a,10636
9d1966aa-3bc6-4399-accb-43f943ec3fc8,10666
e1a07394-3668-4577-9e03-92bcf337e47b,10646
de6c7994-8c8b-4e6c-8eb7-2ea0d371154d,10635
338ad6de-faa0-481f-b560-affe5f81189f,10640
d4f3e5b8-0f56-4a31-8166-dd37c6879f01,10650
0c9f114d-f581-440a-b192-29373081863f,10686
f431dda8-dd71-4938-a72b-d6bcdd14d920,10655
1d7e2082-95ed-407d-9da0-184ba59e11cb,10630
2e27c15a-eec2-44ad-9aff-4068e8c51899,10619
dee286b6-065b-451f-9f6d-f3949ff7e3fb,10630
322e7f33-2dc8-449f-99d3-00afb17d8f44,10676
d5de054e-5aa9-4cbd-9372-c457e1d87663,10706
9a5263d9-7373-4806-ad6d-ff348ac6d9bd,10678
59480149-bd62-4f71-96ec-748be2e821d0,10866
b9c1003f-8b9e-46c7-8055-0a3a174c6f98,10656
e8ce18f2-968d-4e51-ac7a-a8cf184f3091,10626
66cc49ca-5506-4668-b62f-c707bf9ecd31,10700
183459cb-13b0-435c-9121-d498eba2b6f2,10655
e0e1bb9a-0667-4ca3-a81b-72bddd3f2b8f,10584
ed0673f6-ff9c-4270-8997-953aef3670a1,10656
c4493f75-d5f9-4352-a4ab-1a3ce78cc616,10676
f9949b46-b424-4fff-a22a-2ab606af3355,10619
2c98d3bd-c0ef-4a54-965a-67cfa41a7ebd,10689
706b437a-c880-44a1-87c9-ba51c4cf6533,10611
7823adda-59bf-4041-8a49-3db3f6f7a5a8,10851
68a626d0-726d-41bf-9412-771ccae56b9e,10696
9a7881a2-08d7-427a-bf0a-3ca33b8aa603,10660
c8b79710-5f25-4350-bc26-f10491ca240f,10670
3c143a1d-d9cf-4881-9178-474fea06a3c0,10656
26aaf51b-8e1f-42d6-ad9c-dfd3f2a14479,10636
f47e62c9-183f-4e27-a044-692b85675583,10659
0717120e-a8a1-452d-b571-2173956e4aa2,10620
97bc3303-1994-4ad9-9979-77e51821b8b3,10670
633aa006-8a94-4c29-9b98-72288439c9d6,10676
c2f4d682-009b-4bbe-ad97-b654fe17ba61,10666
d81185ea-32df-413d-bdce-ac55f792296e,10649
dab75dd6-5c05-4bc9-a5e1-ecaea1ae7c16,10880
5d59c607-2fda-4cc6-ad3d-d6e4a7876f91,10561
f01cd115-f003-4c37-b634-69eef8a03d72,10636
21232444-e634-4322-9069-b04e7955a398,10685
c374938f-9de4-4156-b706-f039fab70f0e,10620
52af3525-8ca0-4995-a0a5-a08d79d51821,10660
1bc7c45d-61f1-4951-af0f-7352ad7df618,10679
938654fb-6717-48cd-8261-0d0cc458a94f,10625
875a79d0-b60c-4e59-828e-cee3d529a72c,10603
1f14fcb4-8b4b-420c-a419-917eee384b92,10640
c8b75d0e-266b-4c5a-859a-51b67afb806f,10630
a7ab40fb-853f-451f-b807-73f0e0ec2a24,10709
906b2850-c725-4e27-ae14-406bdc6569a6,10635
7d19ae9d-fd03-4858-a39c-022d012efbc8,10635
a0690280-f363-439c-96bc-2cfe4df1c2b7,10766
ac4f3ce6-dfc9-4686-91d4-e0ae06e7493d,10688
b054fcad-9cf9-4626-b556-c58ccee0aabf,10610
2b55133b-31ef-41e5-86e8-ebfd7e4a8b73,10646
7d89140b-5357-402f-ba6d-d037af53ea14,10665
f7684e7f-5ef5-4bcf-ace3-1fc3622380ee,10636
0f0f31da-c23e-4695-bd89-d9c260986797,10730
d7cb46b7-c17d-4794-8085-2971aa84a0bb,10630
fe7b5cac-06e0-42ba-a4d9-5b0a80b4b710,10620
09f77877-c92a-495e-a808-a8af0f2bb496,10740
470eb9d1-0b86-4ca4-a112-db437a1541bf,10636
4ef44294-db0d-4d2d-88b0-d18788829d05,10806
9444a019-28a2-4386-9c9b-07827e3f148b,10619
f9d54542-4223-48df-ad15-009f1c8599d9,10645
ca1f55e7-1bc1-4d3d-8dd6-6547e2dd1dea,10695
1317619b-5847-4341-8d02-0a98324f748e,10650
4aa39faa-9639-4ee3-aeea-ce6645bbe09f,10675
3dd1f072-532c-49dd-9fc5-19d8fc123599,10680
d2170dab-870b-4db0-91e1-8f2c0c9b2c36,10595
b403081b-4167-474b-82d5-5eb20c575f0c,10619
d246c985-2779-47de-9a87-268f750a01d0,10648
871af425-1836-47ed-bf6c-38c2d0b6b208,10666
93e7d1dc-fd2d-4c48-b5d5-30dcfee0c27b,10805
1c735eb8-51f9-4529-b1e4-4da2212c6351,10819
b37627f4-4e73-4c76-a4e6-c38a6d284044,10776
2653b082-9488-4a40-93dc-ff5c3e20910f,10660
15dca479-7d19-41fc-94c7-2161fe436709,10610
cb18684d-45f4-41d4-bf4f-f047aac6c4c3,10606
612f63f4-d4ae-4d11-b3b5-d7140b964d88,10709
ca89ae8a-af41-4d76-ad05-4abfe7702c69,10629
37520931-6654-4685-8c19-1bc14c1724f5,10625
181ec2ea-9e7c-47e1-b036-8252bb9f21c1,10626
1f786ad2-0451-4e53-aef8-94fd303d7774,10680
cef4a26b-6e04-4f65-bb70-be847c68048d,10700
b0cd34e6-0d30-42ce-b865-1935346a9935,10635
ae2a16d1-9bfd-477f-9d0b-0b074fbd244b,10620
bf201ff9-34de-4762-8f77-ceed716a86c5,10760
8578b6f5-bd19-4848-8aa2-2ce3fb4523d8,10639
fe6ba137-0cce-4414-a797-b4e156ee307c,10660
ee83a697-5bf4-424a-83b4-a8181f5a9e2a,10731
c06e0c48-31c2-437b-81f1-931c9720c663,10636
daa1ab23-3aa6-4922-9e46-fd6658862bc1,10650
9abc4fd2-731b-4a20-87db-e724e1afd35d,10626
3a26a6bf-7640-4402-836d-6108c8e8a350,10630
6c6cf2ea-6b99-4c23-b356-19ffaa417d3f,10610
b59ccb4e-0896-4733-bb91-acd61c7c5104,10624
8d5a3a0a-64d8-4325-a84c-7b2e3413af0a,10641
de0b93b8-6c06-4a39-9ca8-1d4454758533,22875,
eefecd4a-13be-4ba7-ba97-33ee72b83274,10790,
7959b90f-73d7-460c-a5ec-0f8c9bf96c67,10686,
82c677ea-7a70-48e5-a0f3-c3e154068159,10668,
fb4d74e1-c65a-4764-a4aa-d34ffceeef0f,10640,
530fb512-5006-4faa-82db-7536e7097ba9,10611,
23d199df-8a20-4bb2-a3b0-68d8ee3fe3fc,10650,
578a98ef-fbe0-42de-890e-93960debe5bd,10640,
108e7672-4595-47dc-9671-224cd1effdf9,10630,
489164f2-3b42-40be-8c00-39d78fb2d4f5,10606,
63b23468-c644-4ae2-a1ee-33bb194ee646,10759,
4031c734-50b8-4e2b-9978-6e5b11a638f6,10706,
bd907475-2429-457f-a596-9e0c98e634cf,10699,
e6c9a278-7dae-4d12-9ba4-4150356d68dc,10646,
881fe459-bd5c-4734-ba16-93adb7af7fd5,10646,
b15673d0-03aa-4131-b69a-00b64499167c,10677,
01c8065b-9684-4186-a7e1-ba86b609693b,10615,
9b572aa9-5f32-4206-a738-15ee273e24fd,10720,
476f2762-8c98-435e-a34c-cf0cc958b3f1,10626,
44e66e7a-1af5-4636-8efa-b3f3dd8b4968,10661,
00f1fa83-aed1-4f5c-a93a-d9c2c6a942fe,10730,
0ea90f68-677b-463e-a3d1-a7e2e816dc2d,10676,
3491504c-8024-4aed-b4e3-6b2209837335,10729,
95546669-0cd5-43dc-8508-105d48404f5c,10661,
43f7a1f5-0f37-4d8e-9cc6-7adcf094b22c,12680,
a5146136-1023-47ff-9f3d-523d028ad8bd,10726,
dcb3e189-25af-4079-b1d6-95676e02f97f,10705,
b1f51986-94ff-4c65-b32c-fbe00a98e954,10676,
059f1008-ae7f-47b2-a1c1-ab390cdf4aac,10730,
b2cea6d3-e2d1-4fc9-8c75-cb9f9fb36394,10660,
f60171aa-b485-4b7a-abbd-6e540df14820,10696,
fc1eb2c4-efc5-4f28-9c32-f900432a9fa0,10716,
3b1f54f0-9eca-438b-aec6-8ce655369de7,10660,
b89357e7-5061-4cf8-a367-ff2164ae787b,10637,
08f0c14b-3884-4ce0-885a-15ee40c92f8c,10720,
eede3a6b-3c41-4e02-a712-5b2955f81906,10725,
30773906-1f5b-41cf-b506-b1a0b82137f7,10710,
082a7dc3-1315-4b1f-af47-1c689060bb3e,10686,
39416de2-d973-43b4-8542-11fd484ed0d4,10725,
335a9edb-b48d-4335-9263-23dda6925bd9,10696,
436786fa-86c1-4dbf-bdf0-8fc5da9584ee,10745,
d347261f-f118-4004-bd43-3276136d6929,10696,
4c55e2ef-60a2-4afc-87a2-a626fef167b8,10650,
a63ee773-780b-45c0-a67c-fe3897d2a1fd,10620,
ae3c5c75-483a-459a-ae26-a4f408c8a947,10628,
715228ae-0187-4f77-974a-e70bf815d32d,10659,
709d8504-743e-4fdc-b46d-8a39dee2ff50,10626,
63477b59-ac0f-4516-8668-1caebbcd7b43,10710,
e66d2bca-f04b-4392-9ea1-130cd4569139,10666,
ef7b23d7-167f-48d7-b01e-4caaf6832f3d,10686,
b829de8c-2eb0-45f8-a886-050b8d1caed4,10650,
a79f485e-ed86-4bb2-8be5-35ce8b762e0f,10740,
eef4a692-a57f-4261-a416-00e6bd1116f9,10735,
b02a838b-a6e4-4c2b-bb7e-9ecd13c117b4,10695,
4ce99101-d5bc-49dd-be1f-68005e3b1f9b,10710,
7feb9881-4080-4b01-8ac4-590496d2b618,10710,
56beb775-d68e-45cf-bca5-350e1754814e,10816,
e17a3ecf-6975-4f4a-b260-ebe66de2587a,10820,
d9cdad95-c3e8-46b6-8874-cfe459266120,12640,
e78ab46e-e243-46d1-afc4-f1316729c727,10681,
58bd9baf-546d-47dd-8fec-18d3916da168,10726,
349ba583-6cac-48e5-9113-2c14f0835ead,10690,
79345af0-b791-4fec-99de-9bda49177c2b,10650,
8493a094-2562-4174-9955-ac1bbd3ee508,10695,
f777cef8-a785-48c1-83d4-426a9b6bf104,10655,
182f2aab-4dbd-45d9-9970-3a62c9dfe20e,10740,
1874897d-f4b5-46c7-baed-5cbfd68bb05c,12571,
e8783265-af13-40fd-a54a-08d7de007c0e,10618,
edc6b59b-4b5f-4d0c-a2a4-98d97ca6a951,10769,
075928c1-ca1d-419c-89bd-5bc56754e167,10650,
992723f0-85fa-4628-bfbc-17792155ae9b,199167,
95e90291-71cc-48e6-b40b-84ab80bc131c,18037,
fcaa34ae-42bb-43ea-8ae7-11ae8b9dc8b2,10696,
fd467f0a-fd6c-4b03-87ea-ff24a51a9177,2140,
74156d90-c6db-479d-a0e5-43900b539661,4290,
f3b62bd7-ef6c-4857-a676-aa648c295910,19289,
2583ebc1-c670-41a8-95f0-99c9de0d27fd,17075,
14d9dbfa-e8d7-4f4f-bfaa-5e35f06f4cd4,21436,
ad3748b8-cd44-4c86-a639-b5609f06f707,85301,
9aec876c-2a7b-44f9-9130-9e98878b7323,44789,
8c43e792-04be-46d3-974c-12256bd4b83c,42868,
